Date,VOO,SPY,QQQ
2020-11-30,1.0,1.0,1.0
2020-12-01,1.0110031558268715,1.010937200223574,1.0128159986071072
2020-12-02,1.0131374690343495,1.013064081474633,1.0141179499904909
2020-12-03,1.0128372618499437,1.0127877785880817,1.0155529528662723
2020-12-04,1.0215552113776356,1.0215155502649744,1.0196914108488315
2020-12-07,1.0196610047052201,1.019416425881118,1.0254654465694293
2020-12-08,1.022607219459742,1.0223994301795447,1.028936546829662
2020-12-09,1.0135286660359886,1.013229718545367,1.0056403541500984
2020-12-10,1.0130475647789277,1.0128984444038995,1.0096788397405798
2020-12-11,1.011754858037135,1.0117107759753197,1.007442692558956
2020-12-14,1.0071253316638054,1.0071808009998986,1.0147520185864636
2020-12-15,1.0210443065144963,1.0207975786608825,1.0255987080878608
2020-12-16,1.022607219459742,1.0223994301795447,1.0312392722639931
2020-12-17,1.0281688486788025,1.0281169831702974,1.0379813179742692
2020-12-18,1.0240505232309245,1.024011679221752,1.034843949081708
2020-12-21,1.020893808172544,1.0203499426689595,1.0329081391283852
2020-12-22,1.0188803870758147,1.018630553927615,1.0357166072520514
2020-12-23,1.0196953479334165,1.0195458976525649,1.0305005056901824
2020-12-24,1.0237703495962998,1.023512326851849,1.0350480943865392
2020-12-28,1.0326750157554498,1.032305286480706,1.0454800874842436
2020-12-29,1.030501918385095,1.0303355434550485,1.0464161735167876
2020-12-30,1.0318903519411131,1.0318056628710586,1.0464494626431413
2020-12-31,1.0374446782898101,1.0370481846556787,1.0490241717912139
2021-01-04,1.0233779683454125,1.0229297942935864,1.0342121907721067
2021-01-05,1.0301094384467704,1.0299753370741518,1.0427383026263015
2021-01-06,1.0363576361674458,1.036132931343977,1.0282937621532873
2021-01-07,1.0518428793362522,1.051527143051661,1.053170190710989
2021-01-08,1.0577593885800085,1.0575183769447671,1.066711829264796
2021-01-11,1.0508467283436838,1.0503901964553313,1.0512980186459007
2021-01-12,1.0509373234111672,1.0506117993267114,1.0496261064040187
2021-01-13,1.0535636921812512,1.053441101103169,1.0567143800309762
2021-01-14,1.0500017665051289,1.049752059749415,1.0510637346052225
2021-01-15,1.042515732257825,1.0420963179566323,1.0427383026263015
2021-01-19,1.0507561332762003,1.050278988160024,1.0579518534219905
2021-01-20,1.0650341330239552,1.0648135507036598,1.0825604987866266
2021-01-21,1.0660300866416492,1.0657843177497668,1.0912206072503714
2021-01-22,1.0622264754314668,1.062012005794405,1.088077882693949
2021-01-25,1.066543458690722,1.0662003091048138,1.0970717225253652
2021-01-26,1.0649434392690345,1.0645360724448818,1.098676846488506
2021-01-27,1.0391047983608415,1.0385183040716892,1.068049275047888
2021-01-28,1.047828373072462,1.0474495959703187,1.0743687483782047
2021-01-29,1.0268494963289265,1.0264802321378241,1.051765956649156
2021-02-01,1.0437230743663137,1.0435664373726428,1.078046724281708
2021-02-02,1.058725538591624,1.0583226932009067,1.0956341993371785
2021-02-03,1.0597818889209736,1.0591549471507449,1.0912877105681633
2021-02-04,1.0716446123271273,1.0711932903243548,1.1041939153567777
2021-02-05,1.075930903793368,1.0754090792622215,1.107938574526005
2021-02-08,1.0838697160032145,1.0831756676973183,1.1153614196247692
2021-02-09,1.0829943584339572,1.0824543508030424,1.1151275556361584
2021-02-10,1.0825718775146798,1.0819830265400867,1.1125862406274565
2021-02-11,1.084322197903445,1.0837301721486339,1.1187050340824993
2021-02-12,1.089846523271189,1.0890838118153128,1.124957719134075
2021-02-16,1.0888199765479178,1.0881404399834156,1.1219150719827473
2021-02-17,1.0890615633945404,1.0883903422014876,1.1165317896979918
2021-02-18,1.0844127929709284,1.0837578386025881,1.1116500495818957
2021-02-19,1.082420984422978,1.0818442422040733,1.106801913631204
2021-02-22,1.0739085021398402,1.0735232397309094,1.078113722586483
2021-02-23,1.0752670334023426,1.0748267275304553,1.0749038947122689
2021-02-24,1.0871600538517614,1.0866705918071502,1.0837641579862032
2021-02-25,1.0610794313471965,1.0604861918174935,1.04598141962687
2021-02-26,1.0552538132332359,1.0550220671614934,1.0503616175743065
2021-03-01,1.0810021551362572,1.080596268138933,1.081958774199856
2021-03-02,1.072640862007133,1.0721638765439656,1.06460537315903
2021-03-03,1.058483853057564,1.0579623059935135,1.0337104385774138
2021-03-04,1.045443788523875,1.0448702868251816,1.016791896439523
2021-03-05,1.064611454729803,1.064092505049129,1.0321054196272899
2021-03-08,1.0593892116077746,1.0587945599433517,1.0028823972875558
2021-03-09,1.0742103870106807,1.0739115646320019,1.0424374403329166
2021-03-10,1.0808512620445552,1.080596268138933,1.039461686473347
2021-03-11,1.0922614048630408,1.0915523647313843,1.0634017139594543
2021-03-12,1.0938009288856356,1.093022393734146,1.054775104648097
2021-03-15,1.1001395242989198,1.0995407368643575,1.066043211386268
2021-03-16,1.0989019838346035,1.0981537976367073,1.071894221648245
2021-03-17,1.1024940091791162,1.1018987143778594,1.0763081287741028
2021-03-18,1.0862845975950663,1.085866185137763,1.0433402372391074
2021-03-19,1.0843525936341474,1.083857202762379,1.047017793090543
2021-03-22,1.0929252752540661,1.0925116492949676,1.0666530219753394
2021-03-23,1.084895867976736,1.083912626083536,1.0619996851709759
2021-03-24,1.0788892571026831,1.0784025714974415,1.044088665010472
2021-03-25,1.0849565607507037,1.0844693004528085,1.0422808659247362
2021-03-26,1.1026558565763631,1.1019455484404357,1.0579152038790973
2021-03-29,1.1019895189994042,1.1013886028314184,1.0576138165206272
2021-03-30,1.0991725847878053,1.098466898715283,1.0522909167205825
2021-03-31,1.1035342734561782,1.1029193895369822,1.068394032782334
2021-04-01,1.1152272544700967,1.1148299787908615,1.0866060202492405
2021-04-05,1.1313120238207788,1.1308310442205787,1.10830023935617
2021-04-06,1.1306760819745223,1.1301632519692473,1.1075301789033265
2021-04-07,1.132099746945673,1.131471260431204,1.1102083258730342
2021-04-08,1.1376127232581223,1.1368422594415406,1.1217917867009213
2021-04-09,1.1457917406904685,1.1451069344610654,1.1285879141148947
2021-04-12,1.1463065930511016,1.145524462841332,1.1271151065530334
2021-04-13,1.149426695070227,1.1489194803118838,1.1402719774129608
2021-04-14,1.1457311466039384,1.1449958165790064,1.1265793301408682
2021-04-15,1.1580295750459737,1.1572957252797083,1.143653186530737
2021-04-16,1.162088885406319,1.161164146517925,1.1449924175351163
2021-04-19,1.1563636324161388,1.1554591609686744,1.1345136936448965
2021-04-20,1.1478816445511408,1.146999374159497,1.1262445486430277
2021-04-21,1.1586657142671046,1.157852399648981,1.1358862137756291
2021-04-22,1.1480331297674669,1.1472777565507575,1.1221935665035365
2021-04-23,1.1602713588727211,1.159716630413969,1.1363219127826996
2021-04-26,1.1627854213391058,1.1621378067879744,1.1437200798224951
2021-04-27,1.1624218568199238,1.161887362090413,1.1387652506466446
2021-04-28,1.1618766087285881,1.1615534659647473,1.1349154734475118
2021-04-29,1.169631467555222,1.1689558698360256,1.1389999547393903
2021-04-30,1.1619070044592905,1.1612752643999833,1.1315340543037018
2021-05-03,1.1645424524736105,1.1637800730285897,1.1255079873425717
2021-05-04,1.1574541285988103,1.1565999953346773,1.1052537067232175
2021-05-05,1.157666109214229,1.1569621003937867,1.1015374010685501
2021-05-06,1.1670868119832605,1.1662009781628506,1.1098402552488402
2021-05-07,1.175417215944495,1.1746887026657271,1.1188459615511648
2021-05-10,1.163906411939917,1.163056314976612,1.0905901090969738
2021-05-11,1.1536979860459913,1.1526762411885518,1.0890834873436743
2021-05-12,1.1290705360563436,1.1281875416692067,1.060894738207275
2021-05-13,1.1424898564117525,1.14173994509746,1.0690971999434196
2021-05-14,1.160028686464288,1.1592717068194922,1.0926990855151457
2021-05-17,1.157242246670829,1.1563219745964095,1.0860705588761261
2021-05-18,1.1472456040174475,1.1463593387753677,1.0787386550499873
2021-05-19,1.1442163931281177,1.1433537311648867,1.079977493610221
2021-05-20,1.156424127815232,1.1556539111053334,1.1008681531119198
2021-05-21,1.155545710935417,1.1547078268759898,1.0947748778199808
2021-05-24,1.1672079014688839,1.1664794509673593,1.113187755188195
2021-05-25,1.164754531776467,1.163891010084152,1.1147281911329325
2021-05-26,1.166874930055279,1.1662009781628506,1.1186116775104864
2021-05-27,1.1673898811033494,1.166813347093025,1.1144269087874794
2021-05-28,1.16966166591105,1.168900536928117,1.1179417994757546
2021-06-01,1.1687528533005322,1.1678708204441723,1.1142258088601378
2021-06-02,1.1707218650504558,1.1697073847552062,1.1164016785700677
2021-06-03,1.166268890502538,1.1653659214023175,1.1047847185897934
2021-06-04,1.1768408809156456,1.1760241967551417,1.123532692494899
2021-06-07,1.1758411771753325,1.1748833623891384,1.1268809275253722
2021-06-08,1.1760230581223607,1.1751337166734515,1.127416178872453
2021-06-09,1.1741752345454977,1.173380603790522,1.1276840670785355
2021-06-10,1.1795976157904633,1.1788350542289627,1.1394351286813766
2021-06-11,1.1816574199827452,1.1807829172485518,1.1424146630095544
2021-06-14,1.1846260367855446,1.183426691039668,1.1533623750331983
2021-06-15,1.182141975300113,1.181256049776472,1.145829371279718
2021-06-16,1.175659296228304,1.1746607649720278,1.1416448125827448
2021-06-17,1.1752354336849036,1.1742710838722121,1.1561407044210177
2021-06-18,1.1596351209641522,1.15842950741235,1.1470681048269349
2021-06-21,1.1758715729060347,1.1750137382930672,1.154197228517462
2021-06-22,1.1821115795694104,1.1812956507791912,1.1649560221237234
2021-06-23,1.1808393998145854,1.1798715517065237,1.1655257177403435
2021-06-24,1.1875945549009064,1.1868517257086282,1.1727322360243173
2021-06-25,1.1919869353622938,1.191067605059743,1.1712908273545057
2021-06-28,1.194470898160288,1.1934686192793964,1.1855355280563813
2021-06-29,1.1949966061390291,1.194110643754986,1.1898257298483443
2021-06-30,1.1960907537568823,1.1951158582486638,1.187948937210513
2021-07-01,1.202838408597965,1.2017326614061838,1.188418030356954
2021-07-02,1.2119871287896715,1.2109181953587997,1.2020596413028388
2021-07-06,1.2097077450492952,1.2087124737552954,1.207254950287364
2021-07-07,1.2138714667183523,1.2129842284938086,1.2098021460250115
2021-07-08,1.2042062164795782,1.2031006138517086,1.202495340309909
2021-07-09,1.2169110397886034,1.215943725347699,1.2100033509653698
2021-07-12,1.2213182233655926,1.2202992027540611,1.2147293567774202
2021-07-13,1.217184897427238,1.2161390179638478,1.2147293567774202
2021-07-14,1.2188562678661268,1.2179537022688132,1.2169076417867384
2021-07-15,1.214935514667815,1.2137937887183445,1.2083610523942503
2021-07-16,1.2054827384816462,1.2042731832678362,1.1985738392202412
2021-07-19,1.187458464924807,1.1864886261037888,1.1887534419328953
2021-07-20,1.2042364148354059,1.2034916511502478,1.2025623386146835
2021-07-21,1.2143577984095926,1.2132354869106041,1.21184643442478
2021-07-22,1.2169413368318687,1.2157760991855044,1.2198570373790691
2021-07-23,1.2290994317379982,1.2282839583571057,1.2341020531199953
2021-07-26,1.2322300933129195,1.231299240185146,1.2350741586173324
2021-07-27,1.2267589604739049,1.2256875611080553,1.221466046823835
2021-07-28,1.2260903530858869,1.2251849538612165,1.226158448470481
2021-07-29,1.2313789141658116,1.2302663592375138,1.22833704851885
2021-07-30,1.2253609542364639,1.2242915805555834,1.2219355600223434
2021-08-02,1.2228684056314207,1.221722668933991,1.222035742440455
2021-08-03,1.2327466233599873,1.2316621589634893,1.2294431506257366
2021-08-04,1.2268502463534496,1.2256038384402064,1.2312194458064056
2021-08-05,1.2345096744281703,1.2333651829069066,1.2390291588593871
2021-08-06,1.2366371782024712,1.235403459174713,1.2335990407690993
2021-08-09,1.235451942079948,1.2343984255075318,1.2358783483006643
2021-08-10,1.2370020256583387,1.2359338232887545,1.229543543069882
2021-08-11,1.2399807085797474,1.2390049805041927,1.2274320463393047
2021-08-12,1.2435978005333461,1.2427181621952208,1.2318562447408175
2021-08-13,1.2460594599705,1.2449796687728751,1.236180050698185
2021-08-16,1.2490384389542208,1.2479112279330662,1.2367164571884517
2021-08-17,1.2408012946212779,1.2397309988873764,1.22582335193359
2021-08-18,1.2274581609675,1.226161959421451,1.214025139486166
2021-08-19,1.2291905202426683,1.2280607280472582,1.2198908515705074
2021-08-20,1.2389168580051595,1.2378325015013136,1.232526647840634
2021-08-23,1.249889420726454,1.248721149810595,1.250961262903344
2021-08-24,1.2518652419095544,1.2507033698645067,1.2547820565098153
2021-08-25,1.2541748240057584,1.253327614394008,1.256223465179627
2021-08-26,1.24684994634364,1.2459290982924032,1.2482463613777253
2021-08-27,1.2579135975696045,1.257068733778735,1.2603794603360068
2021-08-30,1.2636884903407695,1.2625967806012246,1.274523768593737
2021-08-31,1.261530590835766,1.2607261304956128,1.273484769804642
2021-09-01,1.2628679042992392,1.2613960926649013,1.2755964765612533
2021-09-02,1.2666367775314757,1.2652773525843648,1.2749931767792289
2021-09-03,1.2661505445276728,1.2649700379536748,1.2789144678428626
2021-09-07,1.2614697006869235,1.2604472056248628,1.2807245772149698
2021-09-08,1.2602539701462605,1.258911355777399,1.2762666696350358
2021-09-09,1.2546003642355936,1.2535231782499012,1.2718758653728934
2021-09-10,1.2449046195786795,1.2436396540210495,1.262222858834468
2021-09-13,1.2478226097261207,1.246822471598036,1.2613515658333438
2021-09-14,1.2413484177739234,1.2400937368392233,1.2577652662935843
2021-09-15,1.2517132632560422,1.2504518402079667,1.2671162553954385
2021-09-16,1.2495546729389773,1.2484697105673035,1.2679880734616469
2021-09-17,1.237305884277927,1.23630831496287,1.2529720521507253
2021-09-20,1.2170936115476936,1.2156938231296275,1.2270818279279818
2021-09-21,1.2159080793628583,1.214545394050774,1.2285917050848048
2021-09-22,1.2276405353517152,1.2263930556838942,1.2400671075183134
2021-09-23,1.242472961122479,1.2412938822960573,1.2515093258384853
2021-09-24,1.2445397721228122,1.2433386683177352,1.2526834763803156
2021-09-27,1.2410139660487582,1.23978153989313,1.2426842419252087
2021-09-28,1.2162120366698832,1.2147975566000515,1.2075196881029397
2021-09-29,1.218127165079016,1.2168423426217292,1.205539667669507
2021-09-30,1.2026969895002486,1.2019694537032652,1.2011107436822341
2021-10-01,1.2170902561748234,1.2162540236155808,1.2085596320091867
2021-10-04,1.2021175955555912,1.2005690429016307,1.1831926876495986
2021-10-05,1.2137969577031562,1.2130608989282976,1.1991647474662732
2021-10-06,1.2191944697139108,1.218102432062131,1.2068482348729546
2021-10-07,1.229684450866584,1.2286338576277065,1.2179215424647971
2021-10-08,1.2273667764005176,1.226393055683894,1.2118480096200335
2021-10-11,1.2184322079478518,1.217514384295727,1.2025536225342823
2021-10-12,1.2159924571217886,1.2145173659438266,1.1983592976267383
2021-10-13,1.2198959400185647,1.2188869478169109,1.2079557021490608
2021-10-14,1.2403878929462362,1.239389236809116,1.2302023947378404
2021-10-15,1.250054426121696,1.2488279278567398,1.2379531954883474
2021-10-18,1.2538663270766153,1.252525377642578,1.2504018585623788
2021-10-19,1.263624738256244,1.2621884743722764,1.2598641614621349
2021-10-20,1.2685342408893236,1.2671460135985162,1.2582200776697283
2021-10-21,1.2716443754772768,1.270451069887092,1.2659039851284772
2021-10-22,1.2703640046651523,1.2691344721665547,1.2552673216608572
2021-10-25,1.2769506016084866,1.2759407814923378,1.268118499628622
2021-10-26,1.2781703783340808,1.277089120157943,1.2721116195958078
2021-10-27,1.2726204929200642,1.2714313303242617,1.2750645856307126
2021-10-28,1.2850621168336882,1.2836990519085985,1.2892245408279592
2021-10-29,1.287349296881615,1.286303857589733,1.2955658568657886
2021-11-01,1.2900632014086246,1.2885166314265981,1.299995305918146
2021-11-02,1.295064187296124,1.2937264236153636,1.305430884685312
2021-11-03,1.302870955714802,1.3016246537398644,1.319288927459004
2021-11-04,1.3089698393427733,1.3077585597386567,1.3362003287117463
2021-11-05,1.313421925703755,1.3122962198401764,1.3374755017758235
2021-11-08,1.3150073393847155,1.313416439985586,1.3356636071824293
2021-11-09,1.3104032743702212,1.3090749766326977,1.3264697175538402
2021-11-10,1.2998521070063935,1.2985438223068668,1.3069746810465899
2021-11-11,1.300278930172914,1.2989639726713316,1.3105982602073447
2021-11-12,1.3099455620358114,1.308766938696022,1.324388989637211
2021-11-15,1.3105555490860457,1.3092151171674342,1.3240871822266735
2021-11-16,1.315556633660982,1.314396700422756,1.333515985974042
2021-11-17,1.3123851154869997,1.311203666148721,1.3342207283303809
2021-11-18,1.3169286851024007,1.3156571515161504,1.3480450619256514
2021-11-19,1.3144586372330722,1.3133044179710451,1.355561053570396
2021-11-22,1.3109822735651286,1.3096073298381998,1.3398243279245685
2021-11-23,1.3126902570432726,1.311343716270209,1.3337174009404342
2021-11-24,1.3159226653660974,1.3148450597206645,1.3380124333311743
2021-11-26,1.2872882093578977,1.2855196130746975,1.3126451739325355
2021-11-29,1.3028401652343498,1.3012887685227377,1.3411330001410333
2021-11-30,1.2778960272582593,1.2759685383595398,1.321436548667391
2021-12-01,1.2631976190274112,1.26179626170151,1.2989550469728484
2021-12-02,1.2824701899792377,1.2811222743344106,1.3083165373763914
2021-12-03,1.2711263651186484,1.2699747728954838,1.2855668324367155
2021-12-06,1.286312387977422,1.2850156496291352,1.2958680843283938
2021-12-07,1.3127510485046776,1.3115958788194864,1.3348916564952817
2021-12-08,1.316440774412163,1.315069103749746,1.3408642718308157
2021-12-09,1.3074754154790451,1.3061902515350825,1.3211347412568535
2021-12-10,1.3199477311856835,1.3184860916396148,1.3354959013944583
2021-12-13,1.308237677245104,1.3068063274084338,1.3162018598015326
2021-12-14,1.2993335045231407,1.2978153627659812,1.3025790461856708
2021-12-15,1.319642787004285,1.3180941502085934,1.3322745220883863
2021-12-16,1.3077196668864761,1.3064702613648107,1.2980154955107468
2021-12-17,1.2941494534393654,1.292565788748,1.2915395527852662
2021-12-20,1.2801526142006088,1.2788212571672852,1.2790111848314165
2021-12-21,1.3028715478394257,1.3015319801604412,1.307635737987903
2021-12-22,1.3160321097341139,1.3145456110425688,1.3235608569860282
2021-12-23,1.3241427367723795,1.3227248455425284,1.333539508889825
2021-12-27,1.3430266765959382,1.3414440948666442,1.3555792208223176
2021-12-28,1.3420168080495785,1.3403481054717565,1.349296502047912
2021-12-29,1.3436391308321065,1.342062521484449,1.349094877055486
2021-12-30,1.3398434146169118,1.3383523234306123,1.3450630072850687
2021-12-31,1.336170959010962,1.3349794572058735,1.3366640661943257
2022-01-03,1.344373266678522,1.3427090666224495,1.3495315211797083
2022-01-04,1.343822492090695,1.3422592607125694,1.3320274264596472
2022-01-05,1.3180826373072854,1.316484884803577,1.2911062690775839
2022-01-06,1.3163076450591835,1.315248302807712,1.2901987465856333
2022-01-07,1.311747199891996,1.3100481848365055,1.2762225641679417
2022-01-10,1.3100333938550486,1.308418305210896,1.277062353263999
2022-01-11,1.3215106441309294,1.320335585045143,1.2962465512412593
2022-01-12,1.3254588324368235,1.3239052809112506,1.301386938417952
2022-01-13,1.3071868534122462,1.3056637751907139,1.2688309079351934
2022-01-14,1.3075847611596243,1.3061975750081876,1.2767265216359898
2022-01-18,1.2846606563385654,1.2830654358650917,1.2449435969835645
2022-01-19,1.271163570282528,1.2697425916740617,1.2312693269894275
2022-01-20,1.2571765997875057,1.255689027610941,1.215277419712561
2022-01-21,1.232477206656033,1.2310391212700247,1.1815792676581232
2022-01-24,1.2376192168914995,1.2362668152819372,1.1869883831450334
2022-01-25,1.222591686057103,1.2211734084510715,1.1594721373687882
2022-01-26,1.2198372209933441,1.218109665121987,1.157658247528073
2022-01-27,1.2136548477933784,1.2120947429578481,1.1459999124191447
2022-01-28,1.2434035836566497,1.2421975627119857,1.181948808464554
2022-01-31,1.2661441298442455,1.2645709538760435,1.2197457235811673
2022-02-01,1.2744079197852718,1.2731156387252964,1.2280441672147477
2022-02-02,1.2865584157587255,1.2854825436429274,1.2380225040794939
2022-02-03,1.2566562209303815,1.2552674306345042,1.1878283822671245
2022-02-04,1.2625631574927152,1.2611699691311091,1.202812689646946
2022-02-07,1.2584007187603434,1.2571224392481744,1.1931368952838557
2022-02-08,1.268592565164795,1.2674661669104512,1.2065419119026906
2022-02-09,1.287201167038159,1.2860167051133937,1.2321095361375527
2022-02-10,1.2645833880226214,1.2629127749037417,1.20422364454186
2022-02-11,1.2393638134088987,1.2380097114678177,1.1660240045054793
2022-02-14,1.2353237470988359,1.2339620911716347,1.1674683535397639
2022-02-15,1.2551566653199118,1.253861866277721,1.196496471720153
2022-02-16,1.2566562209303815,1.255267430634504,1.1961942442575477
2022-02-17,1.2299370907061893,1.2284531215445187,1.1606146789925353
2022-02-18,1.2220714058874158,1.2204988352061232,1.1473775781877051
2022-02-22,1.208696396191375,1.2074009391766571,1.1358534497143602
2022-02-23,1.1869356188817486,1.1859830352197576,1.106758438242213
2022-02-24,1.2051767087384369,1.2038311528973016,1.143949953316464
2022-02-25,1.2314979312152508,1.230392666545272,1.1616894872203891
2022-02-28,1.2284067446152678,1.2272442964158563,1.1651500861789332
2022-03-01,1.209981701375367,1.2085534368516806,1.1473100548178459
2022-03-02,1.2322019673932758,1.2307861450015127,1.166561251099881
2022-03-03,1.2260194955058727,1.2246587487565919,1.149897260514928
2022-03-04,1.2161030857390533,1.2147087707903006,1.1332329548909243
2022-03-07,1.1802019776567694,1.178900242180927,1.091437984195332
2022-03-08,1.1712957324986217,1.1699622597019295,1.0863650153754818
2022-03-09,1.2025140229914097,1.2013296895588796,1.1254719678777794
2022-03-10,1.1971580583917778,1.1959049850791021,1.1129738436727936
2022-03-11,1.1818853879630145,1.18069883292771,1.089892507625784
2022-03-14,1.1732546781299364,1.1720702445841114,1.0689614181125833
2022-03-15,1.1989943355384713,1.1978446204931035,1.1024913393139657
2022-03-16,1.2258053437668326,1.224405772488081,1.1433793125826923
2022-03-17,1.2408021828082145,1.2397240370672624,1.1572213933778173
2022-03-18,1.254513914040479,1.2533025699242506,1.1809073943760708
2022-03-21,1.2545749028767588,1.2529361250292268,1.1776244774421023
2022-03-22,1.269143537127497,1.2675972661203665,1.2007677711690763
2022-03-23,1.2527998119412196,1.2512725212620324,1.1835109821037877
2022-03-24,1.2714220326809373,1.2701346235183313,1.2098164277953085
2022-03-25,1.2778709606491743,1.2763375148255132,1.208807147689993
2022-03-28,1.2866842422413423,1.285416089905488,1.2275105960759378
2022-03-29,1.3029601691581634,1.3013178815886628,1.2486354346052977
2022-03-30,1.2948530948676422,1.2932825849798648,1.2348435500322454
2022-03-31,1.2749537600012324,1.2733769330126443,1.219538112846779
2022-04-01,1.2784849938843403,1.2769860490549743,1.2172171151475093
2022-04-04,1.2893253154395914,1.2879254191965055,1.2422780515758842
2022-04-05,1.2733873929956798,1.2716573634448034,1.2146941774167628
2022-04-06,1.2604893396843315,1.2589413729758063,1.1883213133683996
2022-04-07,1.2668463896483995,1.2652850377104625,1.1911470036268357
2022-04-08,1.2637753352856351,1.2619019547886752,1.17449592964296
2022-04-11,1.2418798496240315,1.2403332415337494,1.1467102204653787
2022-04-12,1.2373348983845074,1.235737445713626,1.1418664950613964
2022-04-13,1.2513073618262398,1.249891006829275,1.165076997119179
2022-04-14,1.2361064371644268,1.2343278127606734,1.1384352997475813
2022-04-18,1.2363212797155287,1.2348351214964195,1.1393094281001612
2022-04-19,1.2560672543043032,1.2547687111573391,1.1647743496045064
2022-04-20,1.255115413971103,1.2538381780066887,1.147786603888486
2022-04-21,1.236505627848491,1.2350890923106614,1.124037700093116
2022-04-22,1.2027562019626576,1.2011990424152064,1.094603706602453
2022-04-25,1.2093278971029529,1.2081631228591283,1.1086648445508074
2022-04-26,1.174749595430852,1.1731738286918496,1.0668185224899562
2022-04-27,1.1777896619382897,1.1764726464662987,1.0655403040483893
2022-04-28,1.2073011532021818,1.2061895824770457,1.1033836349184674
2022-04-29,1.1629570387926513,1.1616142236675495,1.0537327454424623
2022-05-02,1.1702658304024822,1.1686063322184186,1.071325786187828
2022-05-03,1.1753328381855657,1.1739633171752815,1.0724693779417438
2022-05-04,1.2109862408001117,1.2097138004792998,1.108731947868599
2022-05-05,1.168453929052813,1.1667173282234187,1.0528918012032191
2022-05-06,1.1611147417122798,1.1597532477794967,1.0402773225755209
2022-05-09,1.1236493390606273,1.1226210692162246,0.9995743822425518
2022-05-10,1.126536143977867,1.1252148444810768,1.011717982502522
2022-05-11,1.108386734750473,1.1073396932423158,0.9817124031609347
2022-05-12,1.1075269697963164,1.1061835790373638,0.9793913004486479
2022-05-13,1.1336604887672985,1.132630087033602,1.0156875795539244
2022-05-16,1.1296069022783193,1.128034472039975,1.0039139401524524
2022-05-17,1.1522088913038815,1.1512384897154033,1.0299167383293004
2022-05-18,1.1065751294631159,1.1048303639512982,0.9793576962832437
2022-05-19,1.099174163786804,1.0980636556282342,0.9741098807902742
2022-05-20,1.0994505872988096,1.098542936257033,0.9710824605263954
2022-05-23,1.120302058560732,1.1190966703874734,0.9872291569901556
2022-05-24,1.1122254786883505,1.1105538842164329,0.9662385250963791
2022-05-25,1.121499531925486,1.120365439499704,0.9797611562941292
2022-05-26,1.143794405646028,1.1427518501715053,1.0069077562509268
2022-05-27,1.1724769224362153,1.170805363241554,1.039772945055405
2022-05-31,1.165966512194512,1.1642360270393481,1.0370145681407945
2022-06-01,1.1562010942068317,1.154819215997793,1.0293446274132916
2022-06-02,1.1781580621419017,1.176811063254375,1.057534111640809
2022-06-03,1.1590877017491967,1.157497889302721,1.0300175508255132
2022-06-06,1.162250831491005,1.161022016891727,1.0334487461393282
2022-06-07,1.1736132095898153,1.1721586687408676,1.0423626710648923
2022-06-08,1.1607767372393707,1.1594148309914198,1.0348615912685462
2022-06-09,1.1334761406343368,1.1318407793766663,1.0071433004478074
2022-06-10,1.1002180794990484,1.0990223977123283,0.9716205472249316
2022-06-13,1.0578087322986827,1.0572942425024368,0.9264440523725123
2022-06-14,1.055167659100434,1.054108441288259,0.9281258358379818
2022-06-15,1.070276705758078,1.0691361176876708,0.951302838743377
2022-06-16,1.0351146678940768,1.0337518984521799,0.9129213161617453
2022-06-17,1.0378171246783545,1.035980494607483,0.9240219271379788
2022-06-21,1.0632445350351274,1.0620598344027117,0.947334606861194
2022-06-22,1.061002553833505,1.060134213042184,0.9459528455849749
2022-06-23,1.0721500893812135,1.070526311792257,0.960040761852636
2022-06-24,1.1055308190011228,1.1045623790835828,0.99293545931486
2022-06-27,1.1013851571331,1.1003434256820284,0.9856552218930305
2022-06-28,1.0775853986804715,1.0778601824213867,0.9556255945705756
2022-06-29,1.0781158436562053,1.076982450607695,0.9565019281965103
2022-06-30,1.0696053351218144,1.0682327085114856,0.9446382926395648
2022-07-01,1.0805827335275386,1.0795309288351904,0.950873335504303
2022-07-05,1.082494605251239,1.0815695667559895,0.967152033330292
2022-07-06,1.0864106214525582,1.0852224428104567,0.9733533670166091
2022-07-07,1.1023521953316515,1.101476032442444,0.9941822788643772
2022-07-08,1.101704805742663,1.1005699108688123,0.9954295184659621
2022-07-11,1.0892472931516264,1.087997496637984,0.9741625973247521
2022-07-12,1.0791952868458938,1.0783698419015866,0.9647254975490493
2022-07-13,1.074168938286997,1.0727066272730124,0.9627370760742654
2022-07-14,1.0713321679004917,1.070101459938885,0.9661748872081445
2022-07-15,1.091590922413715,1.090545884452231,0.9837006146096845
2022-07-18,1.0825560875247058,1.081541357822546,0.9753759177218817
2022-07-19,1.1119419496808567,1.1107637333655453,1.0053716258398815
2022-07-20,1.119065011533603,1.1178429098744476,1.0213134419076921
2022-07-21,1.1303813025991727,1.129226028238228,1.0359746242345473
2022-07-22,1.1200822816377636,1.118748941034831,1.0178084224430042
2022-07-25,1.1211923179330292,1.1201083946350232,1.012011283858691
2022-07-26,1.1077483257182836,1.1068562536040987,0.9921263340197337
2022-07-27,1.1367641099843877,1.135597178600342,1.0340535161035889
2022-07-28,1.151133198236813,1.1498406104847188,1.0441642743826314
2022-07-29,1.1680000655284606,1.1666034979439128,1.0632067047870921
2022-08-01,1.1644850163850775,1.1631488981427858,1.0625664404231228
2022-08-02,1.1569609874743954,1.1554753449401043,1.0593981977035964
2022-08-03,1.175030459877539,1.1735693866527988,1.0882484238333763
2022-08-04,1.1741050677775473,1.172776552879183,1.0933375646578272
2022-08-05,1.1716694618238526,1.1707945136517677,1.0844062075714596
2022-08-08,1.1706209078020533,1.1694350600515755,1.0809010830937549
2022-08-09,1.1659959210508417,1.1647913452098972,1.0686667515871928
2022-08-10,1.1904170156089993,1.189256627697954,1.098494333865154
2022-08-11,1.1904170156089993,1.189256627697954,1.092259185987399
2022-08-12,1.2107990307314673,1.2093896689844406,1.1135261071286089
2022-08-15,1.215979134317749,1.2143732472261668,1.1225246725457851
2022-08-16,1.2181070328417996,1.2167519293735103,1.1198957766809983
2022-08-17,1.209781563252432,1.2081152942508204,1.1071222033327137
2022-08-18,1.2135124418212904,1.2116266735718277,1.1097848083759219
2022-08-19,1.1967690325137623,1.195344603766652,1.0881472962981122
2022-08-22,1.17154610252717,1.1704545598384712,1.0594994302518765
2022-08-23,1.168770814414131,1.1676229977308081,1.0586232016389587
2022-08-24,1.1723169501002781,1.1713608622385994,1.0616900017841706
2022-08-25,1.189399646817401,1.1878975357507546,1.0804629687872955
2022-08-26,1.148635715259902,1.147688232697662,1.036176774292057
2022-08-29,1.1410502040757533,1.1400994871218084,1.0259647834647339
2022-08-30,1.1286543711330577,1.1275836715843641,1.0145390521882134
2022-08-31,1.1197739820834947,1.1190038159815545,1.0086409960946703
2022-09-01,1.1232275489534114,1.1225151048893136,1.0090795304531965
2022-09-02,1.1114484138066898,1.110678835325469,0.9948228582673958
2022-09-06,1.107717436550394,1.1064880004441102,0.987677457559251
2022-09-07,1.127575224005681,1.1263661667838727,1.0076299307680676
2022-09-08,1.134944807076917,1.1337284271729424,1.0128538032931864
2022-09-09,1.1524591626449907,1.1513412895786257,1.0349969530473142
2022-09-12,1.165132307286628,1.1637152467296175,1.0472985978977016
2022-09-13,1.114316270735959,1.1131141161661966,0.9898682391175792
2022-09-14,1.1184790055306428,1.1173616401541877,0.9977211125205018
2022-09-15,1.1059908011465915,1.1046758477100953,0.9811053229103007
2022-09-16,1.097295451042052,1.0962483384305315,0.9751063493075278
2022-09-19,1.105713193385338,1.1047496249206403,0.9826997355457189
2022-09-20,1.0932557794817386,1.0920687147919517,0.9748663945639375
2022-09-21,1.0740146898224254,1.073018914632354,0.9574107108446621
2022-09-22,1.0649491631404018,1.0640055275043436,0.9456269901935688
2022-09-23,1.047250064689617,1.0461784761136341,0.9302307167484939
2022-09-26,1.0371051935053421,1.0358290524167195,0.9263814646144456
2022-09-27,1.0341759529900436,1.0331845553196177,0.9267528956551802
2022-09-28,1.054489577718431,1.05351406459448,0.9451880357829746
2022-09-29,1.0325005363662236,1.0315073895651907,0.9179403082909133
2022-09-30,1.016767489042242,1.0155565939014826,0.9023752789276986
2022-10-03,1.0436499469752416,1.042368552247014,0.9235451680413036
2022-10-04,1.075332956610491,1.074667961866586,0.9525822123281281
2022-10-05,1.0734746721652693,1.0721659560486743,0.9520757345476749
2022-10-06,1.0621703222796184,1.061105703394277,0.9445804304672576
2022-10-07,1.032345695777028,1.031507389565191,0.9085879540198396
2022-10-10,1.0246337659856395,1.0236314010997516,0.8995052731761356
2022-10-11,1.017882459709375,1.0171486807893375,0.8871476563877466
2022-10-12,1.0147232774650607,1.0137937163877457,0.8868438537298882
2022-10-13,1.0412962515945439,1.040548895213397,0.9076425218287925
2022-10-14,1.017851373166611,1.0168361221902509,0.8803611376648185
2022-10-17,1.0437118239984573,1.0429657317514882,0.9094320486495895
2022-10-18,1.0560069957550602,1.0552199817618406,0.9166239701242158
2022-10-19,1.048698105457792,1.0477422636547975,0.9132808807315701
2022-10-20,1.0400881199865564,1.0389565370857976,0.9086212431461932
2022-10-21,1.0650817003687572,1.0642047983034146,0.9299267040646013
2022-10-24,1.0780585062551076,1.077227018444123,0.9401572821959134
2022-10-25,1.095587664938783,1.094428681396915,0.9596051678585807
2022-10-26,1.087411312067245,1.0861833548125088,0.9384014645535376
2022-10-27,1.0815890493261542,1.0803828024598927,0.9213166868099123
2022-10-28,1.1068302364886555,1.1060862039690345,0.949509741480004
2022-10-31,1.0993044312041012,1.098096475637338,0.93846888291038
2022-11-01,1.0948755363908957,1.0932914635608404,0.9288799343122565
2022-11-02,1.0669398861265416,1.0658537551243983,0.8970407226827789
2022-11-03,1.055573659217675,1.0548790334028144,0.8795170955415766
2022-11-04,1.0710281119060294,1.0700617685229186,0.8936641341377458
2022-11-07,1.0813103560030897,1.0802975427668242,0.9034896770629192
2022-11-08,1.0871947918297085,1.086126304052884,0.9100735731697611
2022-11-09,1.0649887368027775,1.0637497484251384,0.8890724399742959
2022-11-10,1.1232756097353993,1.122207338192384,0.9546756468198002
2022-11-11,1.134022276912609,1.1330685912874556,0.9722666923178448
2022-11-14,1.1249171765682093,1.123429996548024,0.9637582226504872
2022-11-15,1.1342082040445682,1.1330117213543272,0.9770947707823109
2022-11-16,1.1255985146356449,1.1243681244115244,0.9637582226504873
2022-11-17,1.1223464675127883,1.1209277194903675,0.9616310789803937
2022-11-18,1.1273017611167964,1.1260172620590043,0.9616647881588148
2022-11-21,1.1233376841334897,1.1219229885267412,0.951771931889816
2022-11-22,1.1382965285114932,1.1370208256067693,0.9654801210884082
2022-11-23,1.1454196890516768,1.144185623461733,0.9751703022348122
2022-11-25,1.1452957376303705,1.143929934795775,0.9687552670591271
2022-11-28,1.127178105757802,1.1256760424602326,0.9545406000800817
2022-11-29,1.1251956725163994,1.1237428263868547,0.9473149694270341
2022-11-30,1.1598208507212395,1.1591412405023158,0.9904992623360616
2022-12-01,1.1599757899978724,1.1582882819186358,0.9917145779805123
2022-12-02,1.158303333997173,1.1569519741099872,0.9877641983112004
2022-12-05,1.1376768700923992,1.1361392964366528,0.9711863184000961
2022-12-06,1.1212314968456554,1.1197620214811044,0.9510627789867682
2022-12-07,1.1190633338471678,1.1178571951676666,0.9471801327133493
2022-12-08,1.127890135618252,1.1266142607369818,0.9583894321620626
2022-12-09,1.1196518070360608,1.118198414766438,0.9522784096702697
2022-12-12,1.1356329545775297,1.134319820229532,0.9642308862395027
2022-12-13,1.1440258276866044,1.1429061855862133,0.9745963010844997
2022-12-14,1.1371193847588323,1.1355988964520594,0.9673708804574859
2022-12-15,1.109152845326589,1.1078206013095835,0.9348900392948196
2022-12-16,1.0959284326599381,1.094741239996002,0.9259762193822724
2022-12-19,1.0864822685320716,1.0854583309750563,0.9129630063294485
2022-12-20,1.0881379476684225,1.0869436398167667,0.9122524882571809
2022-12-21,1.1044130850857445,1.1031961444897755,0.9254855985673693
2022-12-22,1.088884715506818,1.0874575487196327,0.9028432169309536
2022-12-23,1.0949839938845385,1.0937129701240291,0.9048739586515435
2022-12-27,1.0906272395880328,1.089399986944329,0.8920806428560841
2022-12-28,1.077246209958314,1.0758610550900598,0.8803027504274281
2022-12-29,1.0963531833902742,1.095226849552176,0.901760427713816
2022-12-30,1.0933347294316151,1.0923419436280648,0.901218875585722
2023-01-03,1.0891338025986785,1.0877432545839987,0.8951266504239521
2023-01-04,1.0969759011199263,1.096141017904899,0.8993911240267776
2023-01-05,1.0849949501638325,1.0836301750961064,0.8853118188265015
2023-01-06,1.10967223730934,1.1084802563685754,0.9097478227913729
2023-01-09,1.1088630003231044,1.1078518842934666,0.9156367427524466
2023-01-10,1.1167673706173173,1.1156210042995136,0.9233871234508859
2023-01-11,1.1310199090062372,1.1297312574692664,0.9393617035799658
2023-01-12,1.1352519223819377,1.1338442465439105,0.9444385578814408
2023-01-13,1.1396710471388458,1.138243122309417,0.9509367633665018
2023-01-17,1.1379283256827561,1.136157921565786,0.9528659574997606
2023-01-18,1.1194436752306987,1.1182203851857553,0.940478727040609
2023-01-19,1.1113837735352288,1.1100797571427845,0.9312391567496735
2023-01-20,1.1318288499301608,1.1307595273412399,0.9567241357402442
2023-01-23,1.145614695427872,1.144327210608442,0.9779786653454613
2023-01-24,1.1444010373233933,1.1430988562181645,0.9759819478423432
2023-01-25,1.1448055571290738,1.1435273246014654,0.9738158443429838
2023-01-26,1.1570353978021537,1.1560950373433863,0.9928029328875443
2023-01-27,1.1603340253954375,1.1587513785760044,1.0026854978808881
2023-01-30,1.1458324986020942,1.144212747436199,0.9824126299575447
2023-01-31,1.162107833394291,1.1610363925981952,0.9971349298602292
2023-02-01,1.174835453501343,1.1733756310618717,1.0184571928613395
2023-02-02,1.1916708395004774,1.1904564115017973,1.055009598714807
2023-02-03,1.1789432193934253,1.1778031678270628,1.0362595245493638
2023-02-06,1.1721281610326355,1.1706050978967553,1.0274937729906293
2023-02-07,1.1872520108058813,1.1859152252835974,1.0487822218003016
2023-02-08,1.174244118376767,1.1729474339183157,1.0301334851961559
2023-02-09,1.164192605508221,1.1627788367178353,1.0210293816970066
2023-02-10,1.1670244415228592,1.1654922287100786,1.0143281860503004
2023-02-13,1.1804992242180565,1.1791741039097787,1.0305735947499357
2023-02-14,1.1800634204947376,1.1786316244204762,1.0381887186826226
2023-02-15,1.1840155562981254,1.1824589076307541,1.0461422995687413
2023-02-16,1.1675536035619076,1.1661778323713088,1.0265122163217724
2023-02-17,1.1645350509158112,1.1632644462740094,1.0192692585209382
2023-02-21,1.1414137685949353,1.1399284252561839,0.995138107344094
2023-02-22,1.1399821099413594,1.1383574046551637,0.9958825446208167
2023-02-23,1.1457080537436009,1.1444127415412555,1.004580772809692
2023-02-24,1.133447126527757,1.1321876950100773,0.9877599977905246
2023-02-27,1.1373682744758182,1.13604363922004,0.9948335695951176
2023-02-28,1.133073594577403,1.1318449383860862,0.993547475177284
2023-03-01,1.128934742142557,1.1275032942067014,0.9855600800997272
2023-03-02,1.1373682744758182,1.1362722943247812,0.9937165461344746
2023-03-03,1.1553859359743555,1.154495626982426,1.0142603476413905
2023-03-06,1.1567865080851671,1.1552953321629063,1.0154111852934717
2023-03-07,1.1388929953828109,1.1375859988213755,1.002956221438427
2023-03-08,1.1406669020691018,1.1394429965265065,1.0079654473570259
2023-03-09,1.1197860219508506,1.1184201080510674,0.9905015726224332
2023-03-10,1.103728490332876,1.1022820665503015,0.9765911283533139
2023-03-13,1.101861324018293,1.1007110459492813,0.9838338761281142
2023-03-14,1.1201593565263297,1.1189058984337379,1.006442338560075
2023-03-15,1.1132508411623734,1.1119078226084864,1.0117219729971614
2023-03-16,1.1322957401962432,1.1314165604160338,1.0383918138572852
2023-03-17,1.1199104668093436,1.1181870226971637,1.0334841355260176
2023-03-20,1.1300241527634174,1.128939056588389,1.0371519251668826
2023-03-21,1.1448055571290732,1.1437628511130713,1.0519649563161588
2023-03-22,1.1258231272430435,1.1242656862012956,1.0376603981946568
2023-03-23,1.1284992344815499,1.1273049275401132,1.049965088422534
2023-03-24,1.1360205001439863,1.1347022682694914,1.0538294624310143
2023-03-27,1.1378951667038073,1.1368240863786503,1.046609187441828
2023-03-28,1.1358952657859944,1.1342723532742192,1.0410500083537841
2023-03-29,1.1520503005920666,1.1507587570203655,1.0600326863516352
2023-03-30,1.1589245714152638,1.1574968043437446,1.0700658400111969
2023-03-31,1.1751104953892253,1.1738113325050303,1.0878621859572588
2023-04-03,1.1797664699957635,1.1782841663075783,1.085218063205023
2023-04-04,1.173110791846287,1.171746836395241,1.0815572044232726
2023-04-05,1.1702673107140422,1.1686790244699867,1.0708796908920828
2023-04-06,1.1747354831273111,1.173237750858341,1.0780997558552354
2023-04-10,1.1760167421263719,1.1744418744980962,1.0774895252140964
2023-04-11,1.176173161714565,1.1747575071476222,1.070574628078022
2023-04-12,1.1714859031903884,1.1699689502823,1.0611172607900596
2023-04-13,1.186671926049162,1.1855096314520956,1.0818961864417886
2023-04-14,1.1842347410964698,1.1826135142852057,1.0798623993437089
2023-04-17,1.1882655307874221,1.1868569696770268,1.0807774827728753
2023-04-18,1.1890779257716528,1.1876310879082614,1.0808452161687685
2023-04-19,1.1890155553112502,1.1874305513237158,1.0803369531670282
2023-04-20,1.1822974080139341,1.1809507242372448,1.0720998371353105
2023-04-21,1.182984864702485,1.1818681474669037,1.073218435791207
2023-04-24,1.1845471855231067,1.1831010225195921,1.0709812384794142
2023-04-25,1.165830224843537,1.1643207442529298,1.0507785192513523
2023-04-26,1.1606431144492038,1.15938906321568,1.0571512341812315
2023-04-27,1.1836721240161612,1.1824701188735331,1.0858960272420553
2023-04-28,1.1937963695260307,1.1925627689455112,1.093387130801797
2023-05-01,1.1929839745418,1.1913585548925076,1.0921332753801483
2023-05-02,1.1796101490950075,1.1779687144845485,1.082608069683276
2023-05-03,1.1713920514374723,1.1698830576964936,1.0755235765249267
2023-05-04,1.1628305214979735,1.1615969547371414,1.0717270409253565
2023-05-05,1.1841722719486296,1.183101022519592,1.0945060444967443
2023-05-08,1.1848282473446672,1.1834165647558694,1.0972175856058224
2023-05-09,1.1797040008479232,1.178226844308208,1.090268769265293
2023-05-10,1.1848597286371805,1.1837319261656505,1.1021329298873228
2023-05-11,1.1832037534385178,1.1816676108823578,1.10572605527318
2023-05-12,1.181609951325383,1.1801190127668955,1.1017600286643516
2023-05-15,1.1857032101641753,1.184190682987104,1.1077259231668046
2023-05-16,1.1778602234559916,1.1762769017839099,1.1089798836014702
2023-05-17,1.191921505591335,1.1905558660748359,1.1224034875242945
2023-05-18,1.2035766893167503,1.2020248770244228,1.1432500415588998
2023-05-19,1.2016707388392907,1.2002758327376633,1.1406740722546247
2023-05-22,1.2023267142353282,1.2007629793190568,1.1445042120195992
2023-05-23,1.1888906170155704,1.1872871559120433,1.1299961386713673
2023-05-24,1.179985260044359,1.1786856011296616,1.1241997351781723
2023-05-25,1.1902655303926726,1.1888927143738826,1.1515549959995275
2023-05-26,1.2057327137604446,1.2042898193055094,1.1809776480843668
2023-05-30,1.2061077260223587,1.204748576126963,1.1863334169586974
2023-05-31,1.1995458009383608,1.1980680316294499,1.179587905818864
2023-06-01,1.2110449598253323,1.2094506075137412,1.1932146049163508
2023-06-02,1.2288243898501165,1.226940869554842,1.202163394163522
2023-06-05,1.2264494766703895,1.2245898538614528,1.2030107441967954
2023-06-06,1.2289807107508723,1.227256230964623,1.2028074389960992
2023-06-07,1.2249498223724826,1.2230126851595537,1.1824014145673412
2023-06-08,1.2322928585230726,1.2304102971286766,1.1970788739118143
2023-06-09,1.234355129901288,1.2326180982368897,1.201654711109714
2023-06-12,1.2456978692000666,1.2438001375366357,1.2219592929641578
2023-06-13,1.2539158681701645,1.2520003479101816,1.231348926856227
2023-06-14,1.2548844853677137,1.2534912623732815,1.2402978211164148
2023-06-15,1.2709766562761968,1.269031491476836,1.255076933061236
2023-06-16,1.2662897925017695,1.2647091053193211,1.2471786940350174
2023-06-20,1.260446509336524,1.2581475446564618,1.2453933677348958
2023-06-21,1.2535408559082506,1.251701170471831,1.2284214789844259
2023-06-22,1.258102978761873,1.2562193013117358,1.2429155856014118
2023-06-23,1.2486659925656796,1.24672238413226,1.2305939882778154
2023-06-26,1.243510462151297,1.241628592140957,1.2140973884417827
2023-06-27,1.257290485090205,1.2552411203792748,1.2349726110299986
2023-06-28,1.2578528061082015,1.255874103530043,1.2373826597675897
2023-06-29,1.2626713189240484,1.260823867216936,1.2349047726210884
2023-06-30,1.2776349989864821,1.275702452170038,1.2539473080385661
2023-07-03,1.2800816579331593,1.2771703112548427,1.2569002740734712
2023-07-05,1.2772270251204942,1.2752707289098015,1.2568663548690162
2023-07-06,1.2668122437950786,1.2652846760574714,1.247294103340578
2023-07-07,1.263863561854623,1.2620901047582167,1.2431530200325966
2023-07-10,1.267251501578705,1.2652846760574714,1.2435602605120903
2023-07-11,1.2753762409205112,1.273342666391572,1.2497043621042032
2023-07-12,1.28541462835989,1.2835879340265404,1.2654881335815966
2023-07-13,1.2958921748954575,1.2937755180091461,1.2869745319281036
2023-07-14,1.2948570423651373,1.2929698455542835,1.2867028632534132
2023-07-17,1.2993743611222046,1.297459224981255,1.298718872697864
2023-07-18,1.30922435424369,1.3071001704651406,1.3093432496425081
2023-07-19,1.3120477031387163,1.310006865982072,1.3090377667763795
2023-07-20,1.3034838047007213,1.301315621257459,1.278861856321399
2023-07-21,1.3036406190386638,1.301315621257459,1.275026360892563
2023-07-24,1.309161589033538,1.307129012291322,1.2770628783290818
2023-07-25,1.3130200704588848,1.3106975327852026,1.2857185762461172
2023-07-26,1.313333995197082,1.3108989735022303,1.2814416060942821
2023-07-27,1.3044248881032514,1.302207638364369,1.2783867774329956
2023-07-28,1.3171296127248393,1.3149567200822134,1.3016720487588027
2023-07-31,1.3196707155490566,1.3174604437518413,1.3023508528999699
2023-08-01,1.3155926545756156,1.3136903017144366,1.2993298384301213
2023-08-02,1.2973665652094042,1.295415975984797,1.2708174391756717
2023-08-03,1.2936962807270762,1.2917034271865067,1.268780816726136
2023-08-04,1.2873595603751016,1.2858613751529588,1.262840440386787
2023-08-07,1.298966485943655,1.2970851853733807,1.273532760753358
2023-08-08,1.293351368133553,1.2914443932303643,1.26270465855595
2023-08-09,1.2847558897156073,1.2828108321581138,1.2488217276972555
2023-08-10,1.2855088748625558,1.2832713068312835,1.251129913808465
2023-08-11,1.2843167306194183,1.2825230467890387,1.243153020032597
2023-08-14,1.291562954393972,1.289602675364182,1.2571037893002017
2023-08-15,1.2767564834192302,1.2745801525199187,1.2437641957908883
2023-08-16,1.2673142667888575,1.2652272636448532,1.2305939882778159
2023-08-17,1.2570561024265097,1.2555862277477197,1.2171524271291037
2023-08-18,1.2582168640645712,1.2561905498988026,1.2156246977594096
2023-08-21,1.2665299977242703,1.2643637267111316,1.2352102554872175
2023-08-22,1.2629850462873713,1.2609390536951643,1.2334451966993554
2023-08-23,1.2765996690812877,1.2749831243672223,1.2528949725963265
2023-08-24,1.259628587855803,1.2573130303754176,1.2261133978862333
2023-08-25,1.2679730054331408,1.2661766931643805,1.235617495966711
2023-08-28,1.2763173243230412,1.2742060224987963,1.2449179738074416
2023-08-29,1.2944491671865874,1.292624466946094,1.2721069990230622
2023-08-30,1.2998449028234698,1.2979484510673578,1.2792012583919823
2023-08-31,1.2981822168790675,1.2960489591355648,1.283037068859869
2023-09-01,1.300942800563942,1.2984665189796416,1.2816792505515004
2023-09-05,1.295264917543688,1.2928546590760548,1.283308422495509
2023-09-06,1.2863244278447814,1.2841634143514418,1.2720052414096974
2023-09-07,1.2824972303370734,1.280220763836439,1.2629081737826797
2023-09-08,1.2842540640967035,1.2821489167679165,1.2646734425965755
2023-09-11,1.292692333426957,1.2905811275363877,1.2795747896930547
2023-09-12,1.285759639640851,1.2835015893744925,1.2653862709552146
2023-09-13,1.2872655112473108,1.2849980190457337,1.2702061584043631
2023-09-14,1.2984016977397244,1.2960777105484977,1.2805929959048055
2023-09-15,1.282214984266264,1.2804622576224267,1.2586653328613329
2023-09-18,1.2836265106826212,1.281213230062118,1.2599774705073548
2023-09-19,1.2810542226282027,1.2785559846970174,1.2572920776394818
2023-09-20,1.2690711005484874,1.2668020816022985,1.2391738667966568
2023-09-21,1.2482727231278572,1.2458638199271905,1.2164666921288207
2023-09-22,1.2452611772898123,1.2430625462576803,1.2166367082031633
2023-09-25,1.2504372346911627,1.2482898786166,1.2224152594834872
2023-09-26,1.232085812279522,1.229950817001237,1.2040592991704266
2023-09-27,1.2323680583503311,1.2304416705258077,1.20688068389517
2023-09-28,1.2395572407860989,1.2375750949836402,1.2169766353388312
2023-09-29,1.2365972097903486,1.2345716572911163,1.217860319875948
2023-10-02,1.2365026672253714,1.2340807133532974,1.228024214741536
2023-10-03,1.219876202531098,1.2175612183583036,1.206472813337575
2023-10-04,1.2288505420210143,1.2264275031314649,1.2228912834890426
2023-10-05,1.2278115606806375,1.225965310606579,1.219288181866581
2023-10-06,1.2424543091968223,1.2405210298502978,1.2397178342241388
2023-10-09,1.2507360602514457,1.2484629295736875,1.2460403529319453
2023-10-10,1.25719140290311,1.2549611105495468,1.252940968297723
2023-10-11,1.2625131229619828,1.2601017366034264,1.2618811464775093
2023-10-12,1.2549241577175272,1.2524195941421643,1.2574962229443127
2023-10-13,1.248311309915859,1.2461813512549293,1.2416893486032037
2023-10-16,1.2613794016817543,1.2592930805113725,1.2557282237919778
2023-10-17,1.2614107842868303,1.2592351256192653,1.2516153889855395
2023-10-18,1.2445324692524506,1.2424558733621438,1.2351966037950213
2023-10-19,1.2339833743248072,1.2315392873591635,1.2236391861953229
2023-10-20,1.2186164573933786,1.2164060986990823,1.2053850885086441
2023-10-23,1.2164752360652866,1.2142976617506596,1.2090224243746115
2023-10-24,1.2255758954750053,1.2234529072651228,1.2207837772531074
2023-10-25,1.2082879288882031,1.2058935695023842,1.1909040035057525
2023-10-26,1.193456292616938,1.1914533983898872,1.1681968288379165
2023-10-27,1.1881661525380158,1.1860528342473835,1.1738057840959655
2023-10-30,1.2024624094616798,1.2002330672712564,1.1870290231825664
2023-10-31,1.209736463093565,1.2077707293618674,1.1927057118365085
2023-11-01,1.223056503887004,1.2206513623558677,1.2134073479078078
2023-11-02,1.2462960137578203,1.24404434372007,1.2354346683043076
2023-11-03,1.257821226128251,1.2553942804217548,1.2499494624856202
2023-11-06,1.2602457790889632,1.2582822603963053,1.2550485795466757
2023-11-07,1.2638039546424666,1.2618635291581843,1.2669122151036212
2023-11-08,1.2648434294200301,1.2627876429682112,1.2677278512057941
2023-11-09,1.255302031915125,1.2529392894929159,1.257971826897801
2023-11-10,1.2748885276051485,1.2724912448331112,1.2862539326062141
2023-11-13,1.2735974985497907,1.271278441521527,1.2822427504001237
2023-11-14,1.298064976203501,1.2959420906761723,1.3098447918111666
2023-11-15,1.3008987859668861,1.29868568069332,1.310830654013716
2023-11-16,1.30272539174472,1.3002742414644943,1.3119525080731358
2023-11-17,1.304646244025219,1.3018914632353533,1.312258410991332
2023-11-20,1.3144707757878693,1.3119128676677363,1.3282350913807497
2023-11-21,1.3110385254044192,1.3090536391061187,1.3205185248737483
2023-11-22,1.3167067370558134,1.3141076492682062,1.3259236498660167
2023-11-24,1.3174310041584942,1.31491630536026,1.3240539981133337
2023-11-27,1.3151322776803982,1.3125482015629577,1.3228982248494587
2023-11-28,1.3164232080483187,1.31384780159283,1.3263655446410836
2023-11-29,1.3155731144630218,1.312923597369555,1.325073674507321
2023-11-30,1.3206744654743017,1.3180932460761121,1.3217424515855838
2023-12-01,1.328420837181324,1.3258909366685956,1.3255157793084216
2023-12-04,1.3217450267946291,1.3189308344075954,1.3132101439633923
2023-12-05,1.3213355726170815,1.3186708963189713,1.3165075526936916
2023-12-06,1.3158249648031286,1.3133569480682596,1.308893058839106
2023-12-07,1.326122110703228,1.3233782620873944,1.3271812857562733
2023-12-08,1.3317587423746713,1.3290676965579515,1.3330960389195015
2023-12-11,1.3369230559709777,1.3342372548512604,1.3444834404448576
2023-12-12,1.3435674837525966,1.3403310173678444,1.3551915127639618
2023-12-13,1.3618628516998248,1.3588143785273619,1.3724256190176025
2023-12-14,1.3658619627233892,1.363175280728617,1.3712360315622896
2023-12-15,1.3637836052928864,1.3609307718416277,1.3778644531882922
2023-12-18,1.3714986930822701,1.3685862423946655,1.386543253969043
2023-12-19,1.3798435054093576,1.3769083298268083,1.3936279571534262
2023-12-20,1.3599261107419136,1.3578281508158099,1.372918970170945
2023-12-21,1.3731748005181517,1.3707028165354278,1.3888934452870079
2023-12-22,1.3763684246780996,1.3734576177953546,1.3909711278261472
2023-12-26,1.3820916052320955,1.379257085188992,1.3994863183265858
2023-12-27,1.384621062938706,1.3817509538145643,1.4023352164617542
2023-12-28,1.3848423201732352,1.3822728190832734,1.4016536819821477
2023-12-29,1.3811430215843272,1.378271219130433,1.3955877100746
2024-01-02,1.3723211541851104,1.370557884098536,1.3719712276935263
2024-01-03,1.3621395712741426,1.3593650856222523,1.3574538081867915
2024-01-04,1.3578393648792362,1.3549862815978502,1.3504676072122497
2024-01-05,1.3595785335875814,1.3568421039307543,1.3520693707588503
2024-01-08,1.3790244983668247,1.3762123286420334,1.3800137546049498
2024-01-09,1.3756728756196863,1.3741245963274524,1.3827399975363925
2024-01-10,1.3847475802333833,1.3818958862514565,1.3921117792155906
2024-01-11,1.3842732884094993,1.3812869530247145,1.3950084582734432
2024-01-12,1.384905578820574,1.382243796430596,1.3957240169705214
2024-01-16,1.3801944379365594,1.3771691720479151,1.3955877100746001
2024-01-17,1.3725109301271265,1.3695141535611184,1.387715409263553
2024-01-18,1.384715901565995,1.3816929085092096,1.407413015880381
2024-01-19,1.401664185993453,1.3989172651873039,1.4353234805220256
2024-01-22,1.4048575140910888,1.4018750441894778,1.4371978578604685
2024-01-23,1.40903149925363,1.4059636216871032,1.4431614420765502
2024-01-24,1.4102014388233646,1.4075005564935457,1.4511699447705015
2024-01-25,1.4181376851598402,1.4151558462200873,1.452942039430495
2024-01-26,1.4172842362016735,1.4133579787792903,1.444286026474409
2024-01-29,1.4275921390324438,1.4245509580820706,1.4590761647860035
2024-01-30,1.4265804941122118,1.4234490014128005,1.4493638258930361
2024-01-31,1.4033398986795849,1.4002221091855733,1.420976392128684
2024-02-01,1.4218056998311095,1.418548512946186,1.4377089562136651
2024-02-02,1.4364140064316606,1.4334821595674516,1.462007078087362
2024-02-05,1.431165117701549,1.4282625123346304,1.4600986765314472
2024-02-06,1.435623520058521,1.4324092255508594,1.4571677632300888
2024-02-07,1.447417655695719,1.4443561609305218,1.472162466898582
2024-02-08,1.448397918010875,1.4449940263966934,1.4748888148430417
2024-02-09,1.4566188776040931,1.453345226894762,1.4894061293367598
2024-02-12,1.4559547111507558,1.4527072710153421,1.4835787470035826
2024-02-13,1.4354337441165048,1.4326990904246433,1.4604392337452168
2024-02-14,1.4490935657567257,1.4457189598208982,1.476354166480704
2024-02-15,1.4588955967836612,1.4556939822569457,1.480750221393691
2024-02-16,1.4514333462087574,1.4484448288413954,1.4673233620673432
2024-02-20,1.443465223830019,1.4404705611751438,1.456247639176112
2024-02-21,1.4449195805941841,1.4417753147601649,1.4504200468169013
2024-02-22,1.4752745533850709,1.4716135853500192,1.4928822702218034
2024-02-23,1.4759384237760962,1.472628474061256,1.4884861102957998
2024-02-26,1.4705314377713565,1.4672348717388652,1.487702293137744
2024-02-27,1.4732507701074204,1.4699606503461142,1.4912804016621861
2024-02-28,1.4709742483027273,1.4680177600551771,1.4833401574292122
2024-02-29,1.4764126169125429,1.4732953621801057,1.4960514580584818
2024-03-01,1.4906415690039367,1.4871270521321016,1.518577485272185
2024-03-04,1.4888708203156407,1.4855323432600485,1.5131590236267716
2024-03-05,1.4739463191658333,1.4706856741835674,1.485998246912694
2024-03-06,1.481756442957381,1.4781379861678616,1.4953357943483863
2024-03-07,1.4964279095178337,1.4928106097415248,1.5180323627015164
2024-03-08,1.4873531062166994,1.483850385603466,1.4961196115064421
2024-03-11,1.4861199079996261,1.4825744738446263,1.4905649479781244
2024-03-12,1.5020247701520268,1.4985230995903773,1.511932156550463
2024-03-13,1.499748050972459,1.4961741634016972,1.500311206075547
2024-03-14,1.4964594894977845,1.4932165652260196,1.4965287422202398
2024-03-15,1.486151487979577,1.48296325081196,1.4787396421723433
2024-03-18,1.4954478445775525,1.4917767342481625,1.4928429953534867
2024-03-19,1.5038269014453989,1.50006663456394,1.496562451398661
2024-03-20,1.5169490739269598,1.5139412708088391,1.5143066058753292
2024-03-21,1.5220081867150557,1.5189441974856839,1.521472694147801
2024-03-22,1.5200192401027883,1.5160647163564658,1.5232130748766943
2024-03-25,1.5160858549124963,1.511876413046057,1.5176850846546663
2024-03-26,1.5118350909237002,1.5090837286351273,1.5127712105554023
2024-03-27,1.5250312789832703,1.5217658141360428,1.5179237792420537
2024-03-28,1.5248409109166303,1.52147486430328,1.5151257074070594
2024-04-01,1.5228424903103774,1.5188279260484765,1.5183333300079187
2024-04-02,1.5128818685716272,1.5091710678329049,1.5052298057605706
2024-04-03,1.5142458276431838,1.5108289755654618,1.508608074513874
2024-04-04,1.4955939019848252,1.4923876565663654,1.4855403901590598
2024-04-05,1.5114861321452457,1.5079784266756733,1.5030459550613573
2024-04-08,1.5120888163251167,1.5088218918682905,1.5034895300446942
2024-04-09,1.5139604235743802,1.5105671387986253,1.5090516494972108
2024-04-10,1.4993052404410896,1.4954416352646425,1.495880076814919
2024-04-11,1.5101220743862522,1.5067278306263343,1.519766442649396
2024-04-12,1.4895352828312916,1.4859301615522038,1.4955386794970145
2024-04-15,1.4706292370217673,1.4673143449840484,1.4709355998222735
2024-04-16,1.4679963548808184,1.4646382936633187,1.4710720117312117
2024-04-17,1.4591460654996458,1.455970104317001,1.453122976858594
2024-04-18,1.4558153644892244,1.4529741709240793,1.4448309390190437
2024-04-19,1.443634472785068,1.4402920854231638,1.414938563709662
2024-04-22,1.4561642245802418,1.4535560705896047,1.4291682475501224
2024-04-23,1.474530943544671,1.4708047484314695,1.4504954461630264
2024-04-24,1.4734524872293557,1.4701066677419854,1.4554092152492735
2024-04-25,1.4673619920335588,1.4645218413996153,1.4483797489117736
2024-04-26,1.4820489525216747,1.4783964776445147,1.4707307194263237
2024-04-29,1.487219483426534,1.4836323088487668,1.4767024946577227
2024-04-30,1.4637140109120708,1.4601297466277257,1.4488575581386165
2024-05-01,1.458955697433005,1.455388385477973,1.438381459573819
2024-05-02,1.4725643002932431,1.4690012753692836,1.4567400452123016
2024-05-03,1.490835588505759,1.4872100514939657,1.486018304398919
2024-05-06,1.505871606459767,1.5025681883156108,1.502295217003621
2024-05-07,1.5080284204029597,1.5042262768746641,1.5025341216170423
2024-05-08,1.5080919751126105,1.5043716613777973,1.5016468666373513
2024-05-09,1.5167517977397056,1.5130394890711223,1.5049226426861715
2024-05-10,1.5186235036764062,1.5149886178761864,1.5084716626049355
2024-05-13,1.51871853967857,1.5151921380979232,1.5119522140366883
2024-05-14,1.5259192685445073,1.5221439223400874,1.5216772595046992
2024-05-15,1.5445079355555276,1.5409927338488982,1.5454616576997777
2024-05-16,1.5415579706783864,1.5378219412339247,1.542322293559896
2024-05-17,1.5438418940408805,1.540032725979329,1.541571450489143
2024-05-20,1.545364542511689,1.5418069955623412,1.5523204778848336
2024-05-21,1.5495200731234466,1.545588439255773,1.555357559346266
2024-05-22,1.5450155837332342,1.5411382991785276,1.5550503962718671
2024-05-23,1.53353251089855,1.5298814881225062,1.548055164177873
2024-05-24,1.5439687073978698,1.5400037937398994,1.562694188758165
2024-05-28,1.5452059517998744,1.5410800730466758,1.5685974955025523
2024-05-29,1.5343255631450612,1.5302883477394833,1.5575415150584964
2024-05-30,1.5240160813152934,1.5201369290561642,1.5408549466749124
2024-05-31,1.5372756267096397,1.533982633061634,1.5379887213919574
2024-06-03,1.538956865892263,1.5352332291109727,1.5462464199749852
2024-06-04,1.5408284731415263,1.5369494533886296,1.5504778144774907
2024-06-05,1.5592582533784196,1.5552163652319155,1.581735148980389
2024-06-06,1.558909393287402,1.555187432992486,1.5811891863055856
2024-06-07,1.5568794913886361,1.55329671114577,1.579789992868563
2024-06-10,1.561986368896407,1.5580960271876299,1.5861712138528101
2024-06-11,1.5655392153282939,1.5618481769886394,1.597056653157439
2024-06-12,1.578576713988612,1.5746758278191846,1.6179745110305117
2024-06-13,1.581558357533141,1.5778462587811655,1.6267443580969048
2024-06-14,1.5828273792899707,1.5788062666507345,1.635172807845393
2024-06-17,1.59538890843997,1.591372080714443,1.6552033057257578
2024-06-18,1.5996394750538914,1.5954151803482148,1.6557152441830894
2024-06-20,1.5951985403733298,1.5910811308816801,1.6429530122406288
2024-06-21,1.5917093473385313,1.5889481015297424,1.6385511816117133
2024-06-24,1.587426904682347,1.5837827926590997,1.6198966692916388
2024-06-25,1.594024850680976,1.589881708730832,1.6384211754968054
2024-06-26,1.5958012245532005,1.5918664603556938,1.64180479991397
2024-06-27,1.598275614669772,1.594375789646711,1.6460428102365396
2024-06-28,1.592112584207526,1.5881018335264303,1.6374984261174061
2024-07-01,1.5957732960084317,1.591370091622982,1.6471024965899617
2024-07-02,1.606119489564892,1.6020797217007936,1.6643965652762454
2024-07-03,1.6133776545193645,1.6092290588903122,1.6782726702888422
2024-07-05,1.6230233646455443,1.618508713034322,1.6957718293971094
2024-07-08,1.6245831195927949,1.6203764699159908,1.6998047492976955
2024-07-09,1.6263660068358845,1.6219520111794221,1.7012743014560334
2024-07-10,1.642028295267289,1.6380016285234318,1.719012680216773
2024-07-11,1.6279577365128353,1.6238778133664462,1.681314372323018
2024-07-12,1.6380171443763687,1.634120730256961,1.6911918966915511
2024-07-15,1.6429831949110474,1.6386144495198471,1.6957374901405873
2024-07-16,1.652310440676912,1.6483318846117243,1.6963869956500426
2024-07-17,1.6292309031420333,1.6252202692759736,1.6465898230415121
2024-07-18,1.6169748116106193,1.6127307639937605,1.6387971220972666
2024-07-19,1.6061831429619797,1.6020213147424454,1.624271721601248
2024-07-22,1.6228642804965425,1.618537826100248,1.6484695560438163
2024-07-23,1.6201581722770828,1.615999022090312,1.642659290832392
2024-07-24,1.5830717293848382,1.5793765934204878,1.58373648705625
2024-07-25,1.5750814023326971,1.571147360394264,1.5662716672045052
2024-07-26,1.5927492168658435,1.5887437675887717,1.5823352983719066
2024-07-29,1.593927150118003,1.589677736442854,1.585513832367088
2024-07-30,1.5855865813507217,1.581623724291675,1.5637425337057624
2024-07-31,1.6105762142354285,1.607332188942717,1.6100192499361228
2024-08-01,1.5886107591807468,1.5845708345305594,1.5710223510755246
2024-08-02,1.5595781980502939,1.5550688108108244,1.5337342240257361
2024-08-05,1.5127504169050814,1.5097793681669094,1.4880042055612974
2024-08-06,1.5278398247626939,1.5236988493829242,1.5022222329568833
2024-08-07,1.5172390176178814,1.5135146106905022,1.4859534063544817
2024-08-08,1.552638497456137,1.5485028198988025,1.5314100759359595
2024-08-09,1.5592916097322422,1.5553311900571505,1.5394076572761546
2024-08-12,1.5600875239144363,1.5561483449945368,1.5427230232323417
2024-08-13,1.5860003777755132,1.581740176555379,1.5810022631355238
2024-08-14,1.5910619577495426,1.5867300837244804,1.5815150416969903
2024-08-15,1.618375482408869,1.6139271120941687,1.6214691342065273
2024-08-16,1.6217818766837344,1.61754581194081,1.623553852617798
2024-08-19,1.6373804130306135,1.6330115405278336,1.6448808412046683
2024-08-20,1.634674600873466,1.6303562842541939,1.641428958326526
2024-08-21,1.640404689548076,1.635959012419711,1.6490847222967489
2024-08-22,1.627130044975816,1.6231192462139046,1.622938581351848
2024-08-23,1.6447339100495622,1.6403655733113156,1.6405402331645982
2024-08-26,1.640691179178691,1.6364550194994298,1.6246133289451856
2024-08-27,1.6428877641591342,1.6387023311971138,1.629466505520688
2024-08-28,1.6334967663087439,1.629189049219711,1.610976338572044
2024-08-29,1.6337514785845333,1.6293347953758368,1.6086180612517786
2024-08-30,1.6491271786978858,1.6448885864666238,1.627791862940367
2024-09-03,1.6157651996910722,1.6110382279871358,1.5783706369322972
2024-09-04,1.6117540488001516,1.6077410376511547,1.5742691435316827
2024-09-05,1.6077747739514936,1.603830483839269,1.5757389057160542
2024-09-06,1.5810024511985719,1.5768377894105512,1.533529133603752
2024-09-09,1.598797769900769,1.5944924227369108,1.5532498430842956
2024-09-10,1.605387426154661,1.6014377876384518,1.5676045974278703
2024-09-11,1.6218136540385595,1.6178664173189874,1.601645721995466
2024-09-12,1.6357570046862746,1.63149440622275,1.6173675357928954
2024-09-13,1.6444475191063843,1.640015131561226,1.6246133289451856
2024-09-16,1.6469304950300052,1.6424374833074582,1.6174358992668898
2024-09-17,1.647694631857374,1.6431083496092291,1.6182904951983283
2024-09-18,1.6423465622527298,1.6382354371833205,1.6112839216985102
2024-09-19,1.6709970056257795,1.6661906710525574,1.652023826613424
2024-09-20,1.6677184115822767,1.663310285790857,1.6488795268617482
2024-09-23,1.6718247958502361,1.6674669444643897,1.6532503786506818
2024-09-24,1.6766314661736015,1.6722382323993021,1.6612248571271613
2024-09-25,1.673225565335923,1.6685497335250374,1.662764978032848
2024-09-26,1.6798788749869031,1.6751650900705861,1.6752575365479385
2024-09-27,1.6777041986175507,1.6727356860909928,1.6659480275877554
2024-09-30,1.6850167403500007,1.679438743487312,1.6704660026133498
2024-10-01,1.669273725594847,1.6643936173309943,1.6471922827194003
2024-10-02,1.6695613007872727,1.6650961282696413,1.6495196862127002
2024-10-03,1.666399947419337,1.6620519142021717,1.6482874634725304
2024-10-04,1.6817596601678395,1.677155628143334,1.6678989594155098
2024-10-07,1.6666231784026133,1.661993326417327,1.6500329898392512
2024-10-08,1.6823981678874669,1.6777116696198693,1.6746757644343762
2024-10-09,1.6938942674638806,1.6893321227602198,1.687852692780529
2024-10-10,1.6910520692683213,1.68637615202301,1.68593599519628
2024-10-11,1.7011112797569798,1.6964744077163776,1.6885714018681142
2024-10-14,1.7150341034177272,1.710348682308284,1.7027410182629144
2024-10-15,1.701973413209633,1.6970597430853354,1.6799807070085329
2024-10-16,1.709126476043332,1.7044358367013825,1.6801861124695667
2024-10-17,1.709381879131183,1.7045823061634944,1.6813497617097082
2024-10-18,1.7159599889549055,1.7111388940977017,1.6923705627931065
2024-10-21,1.713309836512421,1.7083290311696107,1.6956220808350253
2024-10-22,1.7121281531376422,1.7074218246370003,1.6974702049192463
2024-10-23,1.6965128399264142,1.691820114524658,1.671458270609929
2024-10-24,1.7003446757436775,1.695479138680004,1.685011985660678
2024-10-25,1.69967419329435,1.6948938033110466,1.6952798434129857
2024-10-28,1.7049750903039431,1.7001334318717236,1.695553612348014
2024-10-29,1.7076895869555768,1.7028845261884735,1.7118451217620632
2024-10-30,1.70254797146986,1.6977331409580563,1.6989077281074327
2024-10-31,1.6690502972366958,1.6644522051158395,1.6560226172835206
2024-11-01,1.6762990868846206,1.6714771336758114,1.6682754310810548
2024-11-04,1.6726587046958084,1.6678766973053103,1.6634153236464377
2024-11-05,1.6927765335485019,1.6880444572791122,1.6846355139951323
2024-11-06,1.734928306537395,1.730018626937403,1.7303954611693841
2024-11-07,1.7484360508366659,1.7433952670111221,1.7576393031798203
2024-11-08,1.7561638693054669,1.750946943155207,1.7596931477641258
2024-11-11,1.7576011531429714,1.7526156100643016,1.7586664354980068
2024-11-12,1.7523320334882035,1.7471714667361573,1.7554831759170655
2024-11-13,1.7532261416705568,1.7480202663104196,1.7532243459237937
2024-11-14,1.7420813693710941,1.7367802721185668,1.741039895600254
2024-11-15,1.7196005685185924,1.7145344540477432,1.699558073721023
2024-11-18,1.7267216566225916,1.7215593826077151,1.7113659473660006
2024-11-19,1.7330123886287632,1.727852506336618,1.7231396917804893
2024-11-20,1.7336512910981399,1.7284380225320717,1.7221471087448592
2024-11-21,1.7424009192932197,1.7377167725435996,1.728342141650163
2024-11-22,1.7482442024584652,1.7431028705663882,1.731114275269986
2024-11-25,1.7538648467650586,1.749015354520297,1.7338523846723368
2024-11-26,1.7637000367709426,1.7581479967227058,1.743161788619503
2024-11-27,1.7580799845889732,1.7528204864847616,1.7294372173902763
2024-11-29,1.7673406163346297,1.7637093156205395,1.7446335460511955
2024-12-02,1.7723221607969717,1.7668707052576984,1.7636287205980563
2024-12-03,1.7727374375333227,1.7676900301130416,1.769036470915747
2024-12-04,1.783913789812736,1.7786663792730937,1.790907111891049
2024-12-05,1.7809440874481257,1.77573952160181,1.7859444067389316
2024-12-06,1.7844887428227127,1.779105787659429,1.8019278079614303
2024-12-09,1.7751961363473563,1.7699438515645978,1.7878953385666865
2024-12-10,1.7701506424256144,1.764440758798616,1.7818029033788827
2024-12-11,1.7835626599106598,1.7780812247306328,1.813701657388936
2024-12-12,1.7743659776244034,1.768919469462298,1.8019960664224077
2024-12-13,1.7742380787056031,1.7685683044062228,1.8157893161646794
2024-12-16,1.7811996879108514,1.7761199805503076,1.8419381874480192
2024-12-17,1.773727272529901,1.7688022938926087,1.8338261419194157
2024-12-18,1.7216443853460237,1.7160857645606522,1.767667521227588
2024-12-19,1.7210054828766468,1.7155588361500431,1.7597956404686086
2024-12-20,1.740484804009713,1.7361643770717123,1.77516335037309
2024-12-23,1.752943303475123,1.7465609964841962,1.7924579441244581
2024-12-24,1.7709792221495693,1.765973986661882,1.816763416909337
2024-12-26,1.770947247419869,1.7660918855375571,1.8155293039348632
2024-12-27,1.7525909893237983,1.7475009326126614,1.7913952123935464
2024-12-30,1.7330812724600297,1.727559205759402,1.7675698591218818
2024-12-31,1.726097557268816,1.721274219222839,1.7525547829281123
2025-01-02,1.7217728763894478,1.7170448682977397,1.749126632991787
2025-01-03,1.7440053796495871,1.738513855739882,1.7777512911612903
2025-01-06,1.7541607117022209,1.7485287504183935,1.798182833753152
2025-01-07,1.7344267769808026,1.7287631485726611,1.7660956863908008
2025-01-08,1.7367654718710237,1.7312887522483575,1.7664042146344194
2025-01-10,1.710336186650316,1.704856619958586,1.7387051411957715
2025-01-13,1.7125465878719872,1.7074999416834609,1.733117293554117
2025-01-14,1.7147250143639587,1.7098494203516301,1.731471739579474
2025-01-15,1.7460874872027088,1.7409515777383113,1.7713064322888086
2025-01-16,1.7434927971000127,1.737603394330336,1.7588968340570597
2025-01-17,1.7602153833582608,1.7550488114003213,1.788584013931441
2025-01-21,1.7762331439389851,1.7711136181700313,1.7990741842405018
2025-01-22,1.7863241317824694,1.7810699250636979,1.822076865537862
2025-01-23,1.7962230738728786,1.7907913383384966,1.8259505857048453
2025-01-24,1.7908090810600872,1.7855634635000877,1.8156320066653806
2025-01-27,1.765885568758402,1.7603059801311525,1.7627705542240435
2025-01-28,1.7806859211120283,1.7754312124253906,1.7888242837140826
2025-01-29,1.7728692839496158,1.7674719533583432,1.7854649173038193
2025-01-30,1.7821273498219012,1.7769582921877773,1.7930750006116958
2025-01-31,1.7726130913622662,1.7675014280772618,1.790469627662692
2025-02-03,1.7609843558700597,1.755606841968317,1.7761399714301538
2025-02-04,1.7726770408216665,1.767384071681076,1.7979429840225796
2025-02-05,1.779949120704805,1.7745498640817703,1.8061018653567156
2025-02-06,1.78635610651217,1.780717494222148,1.8155293039348646
2025-02-07,1.7689930387855475,1.764417432180577,1.7926293253680212
2025-02-10,1.7816471367517772,1.7764002616197818,1.8143292151778625
2025-02-11,1.7832488338598997,1.7777513972011378,1.8100098197672043
2025-02-12,1.7773542332272343,1.772024260406074,1.811072551498116
2025-02-13,1.796126952308904,1.7907325697271557,1.837126280988155
2025-02-14,1.7961910991431789,1.7906443263968959,1.8448396971046497
2025-02-18,1.8013806767234457,1.7959014951277272,1.8490217354892178
2025-02-19,1.8057375297073885,1.80013066522633,1.8495362992719715
2025-02-20,1.7981451104026258,1.7926413742235152,1.8416855261293867
2025-02-21,1.767551215325925,1.7619798910086442,1.8034620481381725
2025-02-24,1.759190218259113,1.7539622249832485,1.7821735993285004
2025-02-25,1.7504445375615272,1.7452393356217595,1.7597195060313657
2025-02-26,1.7515338494949502,1.7461205031388831,1.7639702229289789
2025-02-27,1.7234065482272705,1.7182488111109988,1.714982490654625
2025-02-28,1.7501883449741773,1.7450632106142323,1.7420647176320698
2025-03-03,1.7200428856127759,1.7144897899031248,1.7039439423713725
2025-03-04,1.6993161552716587,1.6941956322083156,1.6988018749864098
2025-03-05,1.7183772390452532,1.7124046795727426,1.7209474400399258
2025-03-06,1.6872066145847033,1.682007383869162,1.6736052617402148
2025-03-07,1.6963048068084887,1.6914347732607586,1.6859122622544636
2025-03-10,1.651455215344873,1.6463825749801653,1.6205724280553155
2025-03-11,1.6379042459480446,1.6326963599445505,1.6166986028753152
2025-03-12,1.645848979404132,1.6413602998682022,1.6349362135183425
2025-03-13,1.624353177863779,1.6194802937996648,1.6055228025789896
2025-03-14,1.6577022288163001,1.6529317490280189,1.644329102813935
2025-03-17,1.6703559320327805,1.6656780279351686,1.6549904443405241
2025-03-18,1.6527366717188083,1.647674761123684,1.62677722717119
2025-03-19,1.6700999368203056,1.6656192593238275,1.6485457954940763
2025-03-20,1.6662556663859367,1.6608027647648065,1.6429578428394052
2025-03-21,1.6666719299966612,1.661350669049002,1.6483742042244807
2025-03-24,1.695920517927464,1.691102956639802,1.6845467779958625
2025-03-25,1.6999570314897823,1.6951681171061388,1.6941597745748536
2025-03-26,1.6801269752043893,1.6749307389312096,1.6629861354464155
2025-03-27,1.6755044556391112,1.670482587945425,1.6535103908804978
2025-03-28,1.6420397430100206,1.6368419882018008,1.6099771397163498
2025-03-31,1.6520372738503382,1.647829729431128,1.6099085662163215
2025-04-01,1.6581129659305331,1.6524838417963512,1.6228860748434033
2025-04-02,1.668110595458288,1.6629413997381333,1.634730598031275
2025-04-03,1.588548092658032,1.5809904699011643,1.547217685368186
2025-04-04,1.4964807072968132,1.488434518114571,1.4511217437957487
2025-04-07,1.4901800078594696,1.485783330437101,1.4546236128699297
2025-04-08,1.4682561002159105,1.4625118644785027,1.4284280107940746
2025-04-09,1.604428480325971,1.616103901458245,1.599883393546043
2025-04-10,1.5496509326653665,1.5452879056187008,1.5318368488365937
2025-04-11,1.576943140838226,1.57286014896849,1.5600580469952112
2025-04-14,1.5927914550890274,1.5881190120435926,1.5706324377438163
2025-04-15,1.5883230853008836,1.5836708610578079,1.5723832147613817
2025-04-16,1.55341210827749,1.5484691861704671,1.5249703627013047
2025-04-17,1.555565862910125,1.5506783434774039,1.5246957536621413
2025-04-21,1.518501032566659,1.5137680390252564,1.4869644716810833
2025-04-22,1.5568196868016035,1.5531529540811055,1.526000435383964
2025-04-23,1.5818295506109663,1.5772196949710215,1.560607265073538
2025-04-24,1.6150689598205963,1.6104185355838572,1.604518248059434
2025-04-25,1.626963065831826,1.622054178149908,1.6224053252520874
2025-04-28,1.6279597102615813,1.6226727855942096,1.621890341417266
2025-04-29,1.6378285526835998,1.6328945457846415,1.6326020891919613
2025-04-30,1.638632263173344,1.633542808774358,1.632396053652826
2025-05-01,1.6502370176182757,1.6451195019025715,1.6537163214066155
2025-05-02,1.6738970346596225,1.669539939419513,1.6782639542084397
2025-05-05,1.6651531303359086,1.6599662613923012,1.6683075650642232
2025-05-06,1.6509765812737454,1.646091625147402,1.6527894765195577
2025-05-07,1.658434489601406,1.6530142059103923,1.6592782308330984
2025-05-08,1.6694930090806286,1.6645321304272647,1.6764100544082896
2025-05-09,1.6672749102388442,1.6624113972770844,1.675311408225602
2025-05-12,1.7227915281177317,1.717349741770728,1.7435638834611695
2025-05-13,1.7341072270586775,1.7286908179740879,1.770137007332739
2025-05-14,1.7362607843164377,1.730900156107521,1.7807458423508835
2025-05-15,1.7447798786578779,1.7393545181218055,1.7827026549075837
2025-05-16,1.7560310360147993,1.7503717340700515,1.790461856699442
2025-05-19,1.7578312922468615,1.7522863250142968,1.7921786094995351
2025-05-20,1.75159483833123,1.7463948169339745,1.7862048390208154
2025-05-21,1.72230934129886,1.7169667512512812,1.7613823871537941
2025-05-22,1.723113249163479,1.7176443081334203,1.7646784307148737
2025-05-23,1.7114760265516609,1.7059200605841165,1.7483360950006503
2025-05-27,1.7466444790990894,1.7413871887682226,1.7894661232733047
2025-05-28,1.7366788243010345,1.7313124405193916,1.7815353302118506
2025-05-29,1.7433652929309627,1.7381467779521218,1.7850373042990484
2025-05-30,1.7415650366989004,1.7362025314624614,1.7822221153423015
2025-06-02,1.7516911572700795,1.7459825325221046,1.7962984801781048
2025-06-03,1.7616246399635596,1.755939201068764,1.8103401907183347
2025-06-04,1.7604994058029426,1.75546778639256,1.8153871163099964
2025-06-05,1.7522698604026754,1.746983949659357,1.8017228225524637
2025-06-06,1.7701753142849503,1.7649237463705933,1.8193351856929367
2025-06-09,1.772072086830737,1.766514477059725,1.8220132276496275
2025-06-10,1.7821660352973412,1.776530095044222,1.8340638913896514
2025-06-11,1.7772476507949004,1.771463336614136,1.8278838753457627
2025-06-12,1.7839662915294034,1.7785036354263046,1.8321755473199623
2025-06-13,1.7640999182670671,1.7586197730519044,1.809173076048636
2025-06-16,1.781137514825323,1.7753516487669605,1.8343383954157981
2025-06-17,1.7659643213334042,1.7601810290221174,1.8164513182231448
2025-06-18,1.765610625557957,1.7599159373783448,1.8161421599014251
2025-06-20,1.760724413160091,1.755782605322852,1.8087265607008263
2025-06-23,1.7788548743995143,1.7731253129428628,1.8273247860438484
2025-06-24,1.7984001187407272,1.792713523995593,1.8552681197597791
2025-06-25,1.7993001481693212,1.793718015183285,1.8600111376805655
2025-06-26,1.8135411401280714,1.8077517787450461,1.877402763459539
2025-06-27,1.8225420265386336,1.816733249996436,1.8838304001972508
2025-06-30,1.8316514691302763,1.8254194315791485,1.8960318626295265
2025-07-01,1.8308130206625863,1.8248286714152981,1.880049511537197
2025-07-02,1.8389389442536404,1.8331011219741695,1.893144634743194
2025-07-03,1.8548359114110535,1.8475484357332757,1.9117737339131815
2025-07-07,1.8399708200985283,1.833780667947769,1.8973724588031253
2025-07-08,1.838745319501568,1.8327761767600772,1.8984379208724762
2025-07-09,1.8496443600820396,1.843766630386851,1.911876856695766
2025-07-10,1.8550617082677008,1.8489666579448092,1.9091271958615574
2025-07-11,1.8483868847553793,1.8424666687039857,1.904830903314615
2025-07-14,1.8520306223170615,1.8459824782741554,1.911739499669676
2025-07-15,1.8440014124146062,1.8380941031937104,1.9134921669215452
2025-07-16,1.8500635843158848,1.84423931084853,1.9154512897646174
2025-07-17,1.8611562496484289,1.8555254157969738,1.9309526812395976
2025-07-18,1.8603178011807386,1.8541665046762708,1.9290966811791102
2025-07-21,1.8636392255720493,1.8576823142464407,1.9390985409596393
2025-07-22,1.8636392255720493,1.8579481291961988,1.929062236909571
2025-07-23,1.8794716511454383,1.8737547157290009,1.9378612775946589
2025-07-24,1.8807616933264228,1.8743749506117704,1.9419857688459718
2025-07-25,1.888242595826985,1.8822929812376306,1.9466601082537132
2025-07-28,1.8877911994885652,1.8818203007759515,1.9527437223480981
2025-07-29,1.882889789225348,1.8768567942753294,1.9497191374356753
2025-07-30,1.8806004380537997,1.8744932111404382,1.952331441243794
2025-07-31,1.8735385624122078,1.867461592000098,1.941985768845972
2025-08-01,1.8426793955039213,1.8368530909486822,1.903730996975725
2025-08-04,1.8707009038387665,1.864772882824618,1.9388578511249308
2025-08-05,1.8617043596754475,1.8553185502850527,1.925694049405889
2025-08-06,1.8755377725179596,1.8695297046398158,1.9499253830008447
2025-08-07,1.874409182984473,1.8679637471806958,1.9565246110081524
2025-08-08,1.8887585337494288,1.8825293214684697,1.9747754532913075
2025-08-11,1.8848889993310995,1.878806646386379,1.9689323190055972
2025-08-12,1.9050103809315373,1.8988085884629509,1.9936792665134753
2025-08-13,1.911653032339284,1.905308396877278,1.9946762600958146
2025-08-14,1.911685007068984,1.9054856068437833,1.9931296283830806
2025-08-15,1.9075577010643074,1.9010244363502553,1.984365031967532
2025-08-18,1.9068805078692406,1.9006107053264139,1.9835742839503614
2025-08-19,1.896465233106638,1.8902996168467432,1.956662178060276
2025-08-20,1.891467109154822,1.885276980081787,1.9450447980279342
2025-08-21,1.884018378758835,1.877713550215434,1.9360397218037109
2025-08-22,1.9128461634567953,1.906549228295809,1.9659077340931743
2025-08-25,1.9047524119703159,1.8981583363817731,1.9602366111291274
2025-08-26,1.9123623976389263,1.9061060225530486,1.968107546770955
2025-08-27,1.916747672604825,1.910449113344405,1.9711321316833779
2025-08-28,1.9235194071806199,1.9172147367084904,1.9834713711938112
2025-08-29,1.9124269392229505,1.9057810773389563,1.9605117452333753
2025-09-02,1.8983355574192164,1.8916587087939423,1.9440822487151346
2025-09-03,1.9080412695073024,1.9019106670092787,1.959377394624946
2025-09-04,1.9237452040372671,1.917805677698837,1.9771126229951785
2025-09-05,1.918489111124229,1.912251230207868,1.9799654066119716
2025-09-08,1.9234548655965955,1.9169489217587317,1.9896236638012417
2025-09-09,1.9281304790031655,1.921380617533341,1.9952605525217828
2025-09-10,1.9337088850865751,1.9269350650243102,1.9959135234607956
2025-09-11,1.9494771638256894,1.9429483362425366,2.0075309034931372
2025-09-12,1.9490579395918444,1.9422982649878557,2.016398412665237
2025-09-15,1.9592154427680997,1.952638828186445,2.03365268141812
2025-09-16,1.9566355557810053,1.9499502998374614,2.031934038383723
2025-09-17,1.9543785740889066,1.9475277672647324,2.027878435671489
2025-09-18,1.9635685456294234,1.95662749904479,2.0461637222241835
2025-09-19,1.9727263450653654,1.9663183526416914,2.0600149391517775
2025-09-22,1.9823355408397272,1.9756211525772447,2.0722103108290737
2025-09-23,1.9719522408068246,1.9648666775283175,2.0584460446794632
2025-09-24,1.9653743283579768,1.9586153247200908,2.0512196789352974
2025-09-25,1.9559909294402622,1.9495792438667778,2.0423763227570824
2025-09-26,1.967502424256902,1.9607485348985252,2.0507723234833524
2025-09-29,1.973032276121137,1.9662590415508605,2.060269700730749
2025-09-30,1.980308303501769,1.9736656948448048,2.0659131002583373
2025-10-01,1.9873903113805793,1.9803909939001851,2.075823388688139
2025-10-02,1.9895892648595186,1.9826721201527024,2.084357166492567
2025-10-03,1.989750914881891,1.9826426454337835,2.075582488827397
2025-10-06,1.996541992195406,1.9897529241000722,2.091170621054327
2025-10-07,1.9894276148371464,1.982375926351543,2.0801591661294316
2025-10-08,2.0009722686327343,1.9941969160764392,2.1040057320305077
2025-10-09,1.995571697311422,1.9884196903418632,2.101459376396995
2025-10-10,1.9419232326214908,1.934677151469139,2.0285087237988524
2025-10-13,1.9713506421887643,1.964362894909251,2.071556499785925
2025-10-14,1.9685696302043592,1.9619631464750729,2.0577577893667747
2025-10-15,1.9772361635771936,1.9706733779818115,2.0722789893421174
2025-10-16,1.9641717232464802,1.9572526162429622,2.0646054781720404
2025-10-17,1.9750695795777036,1.968362596183879,2.0781632887304484
2025-10-20,1.9957980862926927,1.988834506324683,2.1043497546738346
2025-10-21,1.9955395252068466,1.988804850779268,2.103799276439305
2025-10-22,1.9854499189874852,1.9784651917131608,2.083531344127756
2025-10-23,1.9966712727383285,1.9901973956283074,2.1010464652145897
2025-10-24,2.013195891997261,2.0064623773295702,2.123482076220752
2025-10-27,2.0372876665769954,2.0301340123247775,2.1612995738886753
2025-10-28,2.042752779482332,2.035526077621949,2.177919774045586
2025-10-29,2.0435935964485186,2.0365038064881684,2.1877269396928036
2025-10-30,2.0218947948495454,2.01410609416034,2.1542796637357124
2025-10-31,2.027715577279076,2.0207127710340598,2.164671751886999
2025-11-03,2.0316932731287363,2.0245050643172777,2.1750293957687465
2025-11-04,2.008151187575018,2.0005073991489994,2.1308804532865815
2025-11-05,2.01419835898582,2.00744010619579,2.14474805224481
2025-11-06,1.992790685327017,1.9859015005525202,2.1047971101257796
2025-11-07,1.9948927277424826,1.9878567774584632,2.098155876911717
2025-11-10,2.0258722933243307,2.018875935483281,2.144575830897113
2025-11-11,2.0305289587429303,2.0234976799056428,2.1388637528564796
2025-11-12,2.031531425731489,2.0246235056724418,2.137177663857318
2025-11-13,1.9984498177341747,1.991026846767451,2.0935449653661764
2025-11-14,1.9979324981876079,1.9907009974208767,2.0951277215567203
2025-11-17,1.9792087280748614,1.9721547086406004,2.07723413355702
2025-11-18,1.9629104977972003,1.9555935331381786,2.051942378517524
2025-11-19,1.97002487515546,1.963148283332703,2.064192566989636
2025-11-20,1.940144687625644,1.9332254763557657,2.015329380153312
2025-11-21,1.9594503188689814,1.9524827749200215,2.0304701569282972
2025-11-24,1.9885867978709593,1.9812204450393291,2.082395733363124
2025-11-25,2.00708398162756,1.999855700455851,2.095231054365339
2025-11-26,2.0209570668198853,2.0136616226321054,2.1137440091386477
2025-11-28,2.0321458537164045,2.024653161217858,2.130880453286582
